,Aroma,Appearance,Flavor,Mouthfeel,Overall
1,0.21470217272315617,0.2925680017134344,0.23926132172009873,0.22252088241594414,0.2675474292928743
0,0.4902153306532793,0.5489843272383705,0.5207735106862544,0.4819652086922694,0.5575896474359915
2,0.7062999367707065,0.7943980489246996,0.7408379112983325,0.7412977606976676,0.7679830720100802
